start_time,request_type,response_time,response_code
1745097135487,POST,40,201
1745097135562,POST,46,201
1745097135640,POST,38,201
1745097135710,POST,36,201
1745097135747,GET,47,200
1745097135797,POST,37,201
1745097135834,GET,44,200
1745097135879,POST,63,201
1745097135942,GET,42,200
1745097135984,POST,35,201
1745097136019,GET,39,200
1745097136058,POST,41,201
1745097136099,GET,41,200
1745097136140,POST,41,201
1745097136181,GET,48,200
1745097136229,POST,36,201
1745097136265,GET,43,200
1745097136308,POST,51,201
1745097136360,GET,39,200
1745097136399,POST,34,201
1745097136433,GET,46,200
1745097136479,POST,40,201
1745097136519,GET,38,200
1745097136557,POST,37,201
1745097136594,GET,43,200
1745097136638,POST,37,201
1745097136675,GET,51,200
1745097136726,POST,37,201
1745097136763,GET,138,200
1745097136903,POST,40,201
1745097136943,GET,67,200
1745097137010,POST,39,201
1745097137049,GET,53,200
1745097137103,POST,36,201
1745097137194,POST,35,201
1745097137284,POST,35,201
1745097137319,GET,55,200
1745097137374,POST,39,201
1745097137414,GET,81,200
1745097137496,POST,35,201
1745097137581,POST,38,201
1745097137619,GET,61,200
1745097137681,POST,36,201
1745097137753,POST,37,201
1745097137824,POST,49,201
1745097137873,GET,42,200
1745097137915,POST,40,201
1745097137988,POST,39,201
1745097138060,POST,39,201
1745097138100,GET,42,200
1745097138142,POST,37,201
1745097138213,POST,39,201
1745097138286,POST,35,201
1745097138355,POST,56,201
1745097138447,POST,43,201
1745097138490,GET,43,200
1745097138533,POST,40,201
1745097138573,GET,57,200
1745097138630,POST,33,201
1745097138698,POST,56,201
1745097138786,POST,37,201
1745097138857,POST,39,201
1745097138896,GET,42,200
1745097138938,POST,36,201
1745097139008,POST,37,201
1745097139045,GET,57,200
1745097139102,POST,39,201
1745097139141,GET,47,200
1745097139188,POST,40,201
1745097139266,POST,39,201
1745097139305,GET,90,200
1745097139396,POST,38,201
1745097139434,GET,43,200
1745097139477,POST,37,201
1745097139514,GET,46,200
1745097139561,POST,54,201
1745097139615,GET,40,200
1745097139656,POST,47,201
1745097139736,POST,46,201
1745097139782,GET,59,200
1745097139841,POST,67,201
1745097139908,GET,39,200
1745097139947,POST,46,201
1745097140028,POST,41,201
1745097140105,POST,45,201
1745097140150,GET,46,200
1745097140197,POST,40,201
1745097140272,POST,39,201
1745097140311,GET,40,200
1745097140351,POST,67,201
1745097140418,GET,44,200
1745097140462,POST,40,201
1745097140504,GET,51,200
1745097140555,POST,42,201
1745097140598,GET,42,200
1745097140640,POST,36,201
1745097140710,POST,42,201
1745097140753,GET,37,200
1745097140791,POST,53,201
1745097140845,GET,42,200
1745097140887,POST,111,201
1745097140998,GET,42,200
1745097141040,POST,38,201
1745097141078,GET,58,200
1745097141136,POST,41,201
1745097141213,POST,47,201
1745097141263,GET,44,200
1745097141308,POST,42,201
1745097141350,GET,89,200
1745097141440,POST,40,201
1745097141480,GET,41,200
1745097141521,POST,38,201
1745097141560,GET,42,200
1745097141603,POST,37,201
1745097141641,GET,40,200
1745097141681,POST,40,201
1745097141754,POST,41,201
1745097141826,POST,52,201
1745097141878,GET,40,200
1745097141918,POST,43,201
1745097141994,POST,71,201
1745097142104,POST,43,201
1745097142147,GET,48,200
1745097142195,POST,38,201
1745097142234,GET,38,200
1745097142272,POST,44,201
1745097142356,POST,39,201
1745097142430,POST,43,201
1745097142507,POST,40,201
1745097142578,POST,43,201
1745097142655,POST,40,201
1745097142695,GET,40,200
1745097142737,POST,45,201
1745097142782,GET,37,200
1745097142819,POST,42,201
1745097142861,GET,42,200
1745097142903,POST,41,201
1745097142977,POST,40,201
1745097143052,POST,36,201
1745097143088,GET,44,200
1745097143132,POST,38,201
1745097143170,GET,39,200
1745097143209,POST,43,201
1745097143286,POST,41,201
1745097143327,GET,45,200
1745097143373,POST,39,201
1745097143447,POST,41,201
1745097143488,GET,36,200
1745097143524,POST,41,201
1745097143598,POST,40,201
1745097143673,POST,39,201
1745097143712,GET,43,200
1745097143755,POST,40,201
1745097143830,POST,39,201
1745097143907,POST,41,201
1745097143948,GET,42,200
1745097143990,POST,41,201
1745097144062,POST,49,201
1745097144111,GET,66,200
1745097144177,POST,41,201
1745097144218,GET,40,200
1745097144258,POST,38,201
1745097144330,POST,40,201
1745097144371,GET,45,200
1745097144416,POST,38,201
1745097144454,GET,37,200
1745097144491,POST,37,201
1745097144559,POST,40,201
1745097144599,GET,38,200
1745097144637,POST,41,201
1745097144678,GET,38,200
1745097144716,POST,40,201
1745097144756,GET,37,200
1745097144793,POST,41,201
1745097144872,POST,38,201
1745097144946,POST,43,201
1745097145036,POST,38,201
1745097145106,POST,40,201
1745097145146,GET,51,200
1745097145197,POST,34,201
1745097145265,POST,42,201
1745097145307,GET,47,200
1745097145354,POST,41,201
1745097145395,GET,59,200
1745097145454,POST,39,201
1745097145527,POST,39,201
1745097145566,GET,54,200
1745097145620,POST,38,201
1745097145694,POST,42,201
1745097145736,GET,38,200
1745097145774,POST,37,201
1745097145811,GET,38,200
1745097145850,POST,39,201
1745097145889,GET,38,200
1745097145927,POST,38,201
1745097145996,POST,38,201
1745097146067,POST,72,201
1745097146139,GET,36,200
1745097146175,POST,38,201
1745097146245,POST,38,201
1745097146318,POST,47,201
1745097146365,GET,43,200
1745097146408,POST,40,201
1745097146479,POST,45,201
1745097146557,POST,39,201
1745097146628,POST,43,201
1745097146671,GET,37,200
1745097146708,POST,40,201
1745097146748,GET,40,200
1745097146788,POST,40,201
1745097146860,POST,45,201
1745097146905,GET,36,200
1745097146941,POST,35,201
1745097147006,POST,40,201
1745097147046,GET,37,200
1745097147083,POST,38,201
1745097147154,POST,37,201
1745097147221,POST,41,201
1745097147296,POST,38,201
1745097147334,GET,36,200
1745097147371,POST,70,201
1745097147476,POST,41,201
1745097147517,GET,41,200
1745097147558,POST,41,201
1745097147631,POST,39,201
1745097147711,POST,38,201
1745097147749,GET,38,200
1745097147787,POST,41,201
1745097147859,POST,39,201
1745097147898,GET,42,200
1745097147940,POST,38,201
1745097147978,GET,39,200
1745097148017,POST,39,201
1745097148089,POST,42,201
1745097148166,POST,41,201
1745097148208,GET,65,200
1745097148273,POST,40,201
1745097148349,POST,38,201
1745097148421,POST,42,201
1745097148463,GET,41,200
1745097148504,POST,44,201
1745097148549,GET,38,200
1745097148589,POST,43,201
1745097148632,GET,46,200
1745097148679,POST,44,201
1745097148724,GET,38,200
1745097148762,POST,54,201
1745097148816,GET,51,200
1745097148867,POST,45,201
1745097148952,POST,48,201
1745097149000,GET,42,200
1745097149043,POST,42,201
1745097149117,POST,43,201
1745097149160,GET,45,200
1745097149205,POST,37,201
1745097149242,GET,52,200
1745097149294,POST,40,201
1745097149367,POST,39,201
1745097149439,POST,39,201
1745097149478,GET,37,200
1745097149516,POST,37,201
1745097149553,GET,46,200
1745097149599,POST,36,201
1745097149635,GET,46,200
1745097149681,POST,39,201
1745097149753,POST,42,201
1745097149795,GET,50,200
1745097149845,POST,45,201
1745097149890,GET,38,200
1745097149928,POST,80,201
1745097150052,POST,46,201
1745097150099,GET,50,200
1745097150149,POST,48,201
1745097150197,GET,44,200
1745097150241,POST,41,201
1745097150316,POST,37,201
1745097150353,GET,42,200
1745097150395,POST,42,201
1745097150437,GET,39,200
1745097150476,POST,34,201
1745097150543,POST,45,201
1745097150623,POST,39,201
1745097150694,POST,37,201
1745097150731,GET,37,200
1745097150768,POST,48,201
1745097150816,GET,39,200
1745097150856,POST,41,201
1745097150929,POST,41,201
1745097150970,GET,50,200
1745097151023,POST,40,201
1745097151063,GET,42,200
1745097151105,POST,41,201
1745097151146,GET,54,200
1745097151200,POST,38,201
1745097151238,GET,39,200
1745097151277,POST,40,201
1745097151351,POST,36,201
1745097151387,GET,44,200
1745097151432,POST,37,201
1745097151500,POST,42,201
1745097151575,POST,40,201
1745097151661,POST,38,201
1745097151699,GET,35,200
1745097151735,POST,42,201
1745097151808,POST,54,201
1745097151862,GET,37,200
1745097151899,POST,38,201
1745097151937,GET,80,200
1745097152017,POST,42,201
1745097152059,GET,38,200
1745097152097,POST,40,201
1745097152182,POST,50,201
1745097152268,POST,40,201
1745097152350,POST,41,201
1745097152392,GET,37,200
1745097152430,POST,42,201
1745097152522,POST,43,201
1745097152596,POST,36,201
1745097152632,GET,35,200
1745097152667,POST,41,201
1745097152738,POST,36,201
1745097152774,GET,39,200
1745097152813,POST,39,201
1745097152852,GET,37,200
1745097152889,POST,37,201
1745097152958,POST,42,201
1745097153000,GET,40,200
1745097153040,POST,44,201
1745097153114,POST,37,201
1745097153201,POST,37,201
1745097153238,GET,120,200
1745097153358,POST,41,201
1745097153399,GET,40,200
1745097153439,POST,38,201
1745097153477,GET,38,200
1745097153515,POST,41,201
1745097153557,GET,35,200
1745097153592,POST,39,201
1745097153631,GET,41,200
1745097153672,POST,39,201
1745097153711,GET,36,200
1745097153748,POST,37,201
1745097153818,POST,43,201
1745097153862,GET,42,200
1745097153904,POST,41,201
1745097153996,POST,74,201
1745097154102,POST,41,201
1745097154177,POST,45,201
1745097154223,GET,69,200
1745097154292,POST,39,201
1745097154331,GET,37,200
1745097154368,POST,42,201
1745097154410,GET,39,200
1745097154450,POST,36,201
1745097154520,POST,38,201
1745097154594,POST,46,201
1745097154674,POST,39,201
1745097154713,GET,34,200
1745097154747,POST,38,201
1745097154785,GET,50,200
1745097154835,POST,42,201
1745097154877,GET,36,200
1745097154913,POST,40,201
1745097154953,GET,37,200
1745097154991,POST,54,201
1745097155085,POST,49,201
1745097155134,GET,39,200
1745097155173,POST,43,201
1745097155252,POST,40,201
1745097155327,POST,42,201
1745097155400,POST,39,201
1745097155439,GET,38,200
1745097155477,POST,38,201
1745097155515,GET,38,200
1745097155553,POST,38,201
1745097155591,GET,36,200
1745097155628,POST,38,201
1745097155701,POST,42,201
1745097155743,GET,39,200
1745097155782,POST,42,201
1745097155858,POST,41,201
1745097155936,POST,37,201
1745097156006,POST,40,201
1745097156046,GET,41,200
1745097156088,POST,40,201
1745097156160,POST,41,201
1745097156201,GET,40,200
1745097156242,POST,43,201
1745097156317,POST,40,201
1745097156358,GET,39,200
1745097156398,POST,37,201
1745097156469,POST,38,201
1745097156507,GET,40,200
1745097156547,POST,41,201
1745097156622,POST,37,201
1745097156707,POST,40,201
1745097156748,GET,46,200
1745097156794,POST,43,201
1745097156837,GET,38,200
1745097156875,POST,39,201
1745097156914,GET,39,200
1745097156953,POST,38,201
1745097157025,POST,40,201
1745097157097,POST,55,201
1745097157153,GET,39,200
1745097157193,POST,40,201
1745097157269,POST,38,201
1745097157341,POST,41,201
1745097157417,POST,38,201
1745097157455,GET,38,200
1745097157493,POST,39,201
1745097157532,GET,63,200
1745097157596,POST,39,201
1745097157670,POST,40,201
1745097157741,POST,41,201
1745097157816,POST,40,201
1745097157856,GET,39,200
1745097157895,POST,40,201
1745097157935,GET,37,200
1745097157972,POST,38,201
1745097158046,POST,39,201
1745097158118,POST,42,201
1745097158160,GET,38,200
1745097158199,POST,41,201
1745097158240,GET,37,200
1745097158277,POST,39,201
1745097158350,POST,37,201
1745097158387,GET,36,200
1745097158424,POST,38,201
1745097158462,GET,37,200
1745097158499,POST,40,201
1745097158573,POST,43,201
1745097158652,POST,42,201
1745097158727,POST,39,201
1745097158766,GET,43,200
1745097158809,POST,37,201
1745097158847,GET,37,200
1745097158884,POST,46,201
1745097158930,GET,35,200
1745097158966,POST,67,201
1745097159033,GET,40,200
1745097159073,POST,42,201
1745097159115,GET,38,200
1745097159153,POST,38,201
1745097159223,POST,38,201
1745097159261,GET,36,200
1745097159297,POST,39,201
1745097159369,POST,39,201
1745097159409,GET,43,200
1745097159452,POST,41,201
1745097159493,GET,36,200
1745097159529,POST,38,201
1745097159567,GET,45,200
1745097159612,POST,38,201
1745097159680,POST,40,201
1745097159720,GET,38,200
1745097159759,POST,37,201
1745097159796,GET,43,200
1745097159839,POST,95,201
1745097159983,POST,52,201
1745097160035,GET,44,200
1745097160079,POST,40,201
1745097160157,POST,42,201
1745097160199,GET,54,200
1745097160253,POST,37,201
1745097160323,POST,38,201
1745097160361,GET,40,200
1745097160401,POST,81,201
1745097160515,POST,39,201
1745097160554,GET,1523,200
1745097162077,POST,40,201
1745097162149,POST,36,201
1745097162185,GET,43,200
1745097162229,POST,40,201
1745097162269,GET,40,200
1745097162310,POST,37,201
1745097162347,GET,65,200
1745097162412,POST,38,201
1745097162485,POST,35,201
1745097162521,GET,36,200
1745097162557,POST,38,201
1745097162630,POST,40,201
1745097162702,POST,37,201
1745097162739,GET,43,200
1745097162782,POST,36,201
1745097162818,GET,37,200
1745097162857,POST,38,201
1745097162895,GET,37,200
1745097162932,POST,40,201
1745097163010,POST,35,201
1745097163045,GET,42,200
1745097163087,POST,37,201
1745097163124,GET,36,200
1745097163161,POST,40,201
1745097163201,GET,43,200
1745097163244,POST,40,201
1745097163314,POST,39,201
1745097163388,POST,40,201
1745097163428,GET,38,200
1745097163466,POST,39,201
1745097163541,POST,36,201
1745097163607,POST,41,201
1745097163648,GET,36,200
1745097163684,POST,42,201
1745097163759,POST,37,201
1745097163796,GET,76,200
1745097163872,POST,38,201
1745097163910,GET,36,200
1745097163946,POST,38,201
1745097163984,GET,35,200
1745097164021,POST,51,201
1745097164072,GET,36,200
1745097164109,POST,40,201
1745097164149,GET,64,200
1745097164214,POST,40,201
1745097164254,GET,38,200
1745097164295,POST,39,201
1745097164334,GET,38,200
1745097164372,POST,36,201
1745097164441,POST,39,201
1745097164480,GET,43,200
1745097164523,POST,46,201
1745097164569,GET,38,200
1745097164608,POST,39,201
1745097164679,POST,36,201
1745097164715,GET,36,200
1745097164752,POST,38,201
1745097164829,POST,39,201
1745097164869,GET,40,200
1745097164910,POST,39,201
1745097164950,GET,49,200
1745097165000,POST,43,201
1745097165080,POST,40,201
1745097165157,POST,41,201
1745097165198,GET,35,200
1745097165234,POST,38,201
1745097165273,GET,36,200
1745097165311,POST,38,201
1745097165350,GET,42,200
1745097165392,POST,39,201
1745097165465,POST,38,201
1745097165503,GET,37,200
1745097165541,POST,36,201
1745097165578,GET,39,200
1745097165617,POST,43,201
1745097165660,GET,38,200
1745097165701,POST,42,201
1745097165743,GET,43,200
1745097165787,POST,40,201
1745097165861,POST,38,201
1745097165930,POST,52,201
1745097166046,POST,48,201
1745097166094,GET,39,200
1745097166133,POST,38,201
1745097166202,POST,71,201
1745097166306,POST,43,201
1745097166381,POST,60,201
1745097166441,GET,34,200
1745097166475,POST,39,201
1745097166547,POST,39,201
1745097166586,GET,37,200
1745097166623,POST,39,201
1745097166662,GET,44,200
1745097166708,POST,38,201
1745097166780,POST,37,201
1745097166817,GET,44,200
1745097166861,POST,37,201
1745097166930,POST,39,201
1745097166969,GET,38,200
1745097167007,POST,38,201
1745097167076,POST,38,201
1745097167147,POST,39,201
1745097167218,POST,40,201
1745097167258,GET,35,200
1745097167293,POST,45,201
1745097167338,GET,39,200
1745097167378,POST,40,201
1745097167452,POST,38,201
1745097167520,POST,40,201
1745097167560,GET,40,200
1745097167602,POST,41,201
1745097167645,GET,38,200
1745097167684,POST,42,201
1745097167726,GET,35,200
1745097167761,POST,49,201
1745097167846,POST,36,201
1745097167882,GET,39,200
1745097167922,POST,36,201
1745097167993,POST,40,201
1745097168067,POST,39,201
1745097168106,GET,37,200
1745097168144,POST,42,201
1745097168186,GET,37,200
1745097168224,POST,85,201
1745097168309,GET,35,200
1745097168345,POST,41,201
1745097168386,GET,37,200
1745097168423,POST,42,201
1745097168498,POST,40,201
1745097168572,POST,41,201
1745097168645,POST,40,201
1745097168685,GET,36,200
1745097168721,POST,44,201
1745097168765,GET,41,200
1745097168806,POST,40,201
1745097168878,POST,39,201
1745097168917,GET,36,200
1745097168953,POST,39,201
1745097168992,GET,38,200
1745097169030,POST,40,201
1745097169070,GET,42,200
1745097169113,POST,38,201
1745097169151,GET,39,200
1745097169190,POST,38,201
1745097169261,POST,47,201
1745097169340,POST,37,201
1745097169413,POST,38,201
1745097169481,POST,36,201
1745097169517,GET,37,200
1745097169554,POST,39,201
1745097169593,GET,46,200
1745097169639,POST,36,201
1745097169675,GET,36,200
1745097169711,POST,40,201
1745097169782,POST,37,201
1745097169819,GET,41,200
1745097169861,POST,43,201
1745097169944,POST,44,201
1745097170023,POST,39,201
1745097170100,POST,69,201
1745097170235,POST,36,201
1745097170272,GET,36,200
1745097170309,POST,46,201
1745097170391,POST,44,201
1745097170473,POST,41,201
1745097170547,POST,42,201
1745097170589,GET,41,200
1745097170630,POST,39,201
1745097170704,POST,47,201
1745097170791,POST,39,201
1745097170830,GET,42,200
1745097170872,POST,37,201
1745097170909,GET,36,200
1745097170945,POST,37,201
1745097170982,GET,38,200
1745097171020,POST,40,201
1745097171093,POST,39,201
1745097171162,POST,37,201
1745097171233,POST,40,201
1745097171304,POST,40,201
1745097171376,POST,31,201
1745097171437,POST,40,201
1745097171509,POST,36,201
1745097171545,GET,5748,200
1745097177294,POST,44,201
1745097177338,GET,51,200
1745097177390,POST,41,201
1745097177431,GET,36,200
1745097177467,POST,38,201
1745097177542,POST,39,201
1745097177613,POST,41,201
1745097177654,GET,42,200
1745097177696,POST,38,201
1745097177767,POST,38,201
1745097177839,POST,36,201
1745097177905,POST,44,201
1745097177982,POST,35,201
1745097178017,GET,36,200
1745097178053,POST,41,201
1745097178123,POST,38,201
1745097178192,POST,39,201
1745097178265,POST,41,201
1745097178306,GET,59,200
1745097178369,POST,38,201
1745097178408,GET,60,200
1745097178471,POST,38,201
1745097178543,POST,37,201
1745097178630,POST,37,201
1745097178702,POST,34,201
1745097178770,POST,39,201
1745097178840,POST,39,201
1745097178911,POST,40,201
1745097178981,POST,36,201
1745097179051,POST,36,201
1745097179119,POST,36,201
1745097179188,POST,36,201
1745097179256,POST,40,201
1745097179345,POST,55,201
1745097179432,POST,43,201
1745097179511,POST,40,201
1745097179583,POST,36,201
1745097179650,POST,34,201
1745097179724,POST,43,201
1745097179800,POST,38,201
1745097179876,POST,38,201
1745097179948,POST,40,201
1745097180024,POST,50,201
1745097180114,POST,140,201
1745097180288,POST,37,201
1745097180356,POST,36,201
1745097180421,POST,38,201
1745097180493,POST,35,201
1745097180561,POST,38,201
1745097180649,POST,35,201
1745097180715,POST,34,201
1745097180779,POST,36,201
1745097180851,POST,39,201
1745097180929,POST,37,201
1745097180999,POST,37,201
1745097181070,POST,34,201
1745097181134,POST,36,201
1745097181202,POST,37,201
1745097181272,POST,38,201
1745097181310,GET,1144,200
1745097182455,POST,41,201
1745097182530,POST,36,201
1745097182600,POST,34,201
1745097182667,POST,36,201
1745097182736,POST,36,201
1745097182807,POST,36,201
1745097182883,POST,34,201
1745097182949,POST,37,201
1745097183021,POST,38,201
1745097183089,POST,35,201
1745097183163,POST,39,201
1745097183233,POST,35,201
1745097183324,POST,37,201
1745097183395,POST,38,201
1745097183465,POST,38,201
1745097183538,POST,42,201
1745097183615,POST,36,201
1745097183651,GET,40,200
1745097183691,POST,35,201
1745097183757,POST,43,201
1745097183832,POST,37,201
1745097183904,POST,35,201
1745097183972,POST,43,201
1745097184055,POST,37,201
1745097184124,POST,34,201
1745097184193,POST,33,201
1745097184260,POST,40,201
1745097184334,POST,38,201
1745097184372,GET,43,200
1745097184416,POST,35,201
1745097184487,POST,35,201
1745097184554,POST,40,201
1745097184595,GET,43,200
1745097184638,POST,39,201
1745097184677,GET,38,200
1745097184715,POST,32,201
1745097184779,POST,35,201
1745097184848,POST,37,201
1745097184920,POST,36,201
1745097184956,GET,41,200
1745097184997,POST,38,201
1745097185074,POST,37,201
1745097185146,POST,45,201
1745097185191,GET,38,200
1745097185229,POST,35,201
1745097185264,GET,36,200
1745097185300,POST,41,201
1745097185341,GET,71,200
1745097185412,POST,36,201
1745097185480,POST,36,201
1745097185516,GET,43,200
1745097185559,POST,36,201
1745097185595,GET,41,200
1745097185637,POST,35,201
1745097185714,POST,47,201
1745097185794,POST,37,201
1745097185865,POST,42,201
1745097185908,GET,61,200
1745097185969,POST,34,201
1745097186036,POST,37,201
1745097186105,POST,37,201
1745097186174,POST,35,201
1745097186241,POST,33,201
1745097186313,POST,34,201
1745097186382,POST,36,201
1745097186450,POST,45,201
1745097186529,POST,39,201
1745097186568,GET,9869,200
1745097196460,POST,63,201
1745097196523,GET,43,200
1745097196566,POST,39,201
1745097196605,GET,44,200
1745097196649,POST,36,201
1745097196717,POST,36,201
1745097196788,POST,37,201
1745097196856,POST,39,201
1745097196927,POST,34,201
1745097196995,POST,40,201
1745097197035,GET,46,200
1745097197081,POST,77,201
1745097197191,POST,42,201
1745097197266,POST,39,201
1745097197305,GET,40,200
1745097197345,POST,38,201
1745097197383,GET,42,200
1745097197425,POST,45,201
1745097197470,GET,35,200
1745097197505,POST,38,201
1745097197543,GET,44,200
1745097197588,POST,45,201
1745097197633,GET,36,200
1745097197669,POST,38,201
1745097197707,GET,40,200
1745097197747,POST,37,201
1745097197784,GET,38,200
1745097197822,POST,39,201
1745097197914,POST,35,201
1745097197949,GET,37,200
1745097197987,POST,36,201
1745097198023,GET,39,200
1745097198062,POST,35,201
1745097198097,GET,39,200
1745097198136,POST,44,201
1745097198215,POST,38,201
1745097198288,POST,39,201
1745097198327,GET,36,200
1745097198363,POST,36,201
1745097198439,POST,37,201
1745097198477,GET,36,200
1745097198514,POST,38,201
1745097198552,GET,38,200
1745097198590,POST,39,201
1745097198629,GET,37,200
1745097198666,POST,41,201
1745097198707,GET,38,200
1745097198745,POST,39,201
1745097198818,POST,40,201
1745097198892,POST,38,201
1745097198964,POST,37,201
1745097199001,GET,36,200
1745097199037,POST,52,201
1745097199121,POST,40,201
1745097199195,POST,37,201
1745097199232,GET,39,200
1745097199271,POST,40,201
1745097199341,POST,37,201
1745097199411,POST,36,201
1745097199478,POST,35,201
1745097199546,POST,38,201
1745097199618,POST,34,201
1745097199697,POST,36,201
1745097199733,GET,13513,200
1745097213248,POST,39,201
1745097213287,GET,52,200
1745097213339,POST,73,201
1745097213412,GET,39,200
1745097213451,POST,38,201
1745097213489,GET,45,200
1745097213534,POST,37,201
1745097213571,GET,49,200
1745097213620,POST,36,201
1745097213691,POST,39,201
1745097213763,POST,38,201
1745097213801,GET,39,200
1745097213840,POST,43,201
1745097213916,POST,39,201
1745097213955,GET,40,200
1745097213996,POST,55,201
1745097214051,GET,36,200
1745097214087,POST,39,201
1745097214126,GET,38,200
1745097214165,POST,38,201
1745097214203,GET,38,200
1745097214242,POST,35,201
1745097214310,POST,36,201
1745097214378,POST,38,201
1745097214417,GET,34,200
1745097214451,POST,48,201
1745097214500,GET,38,200
1745097214538,POST,38,201
1745097214611,POST,38,201
1745097214649,GET,43,200
1745097214692,POST,45,201
1745097214737,GET,37,200
1745097214774,POST,38,201
1745097214812,GET,5943,200
1745097220756,POST,42,201
1745097220798,GET,39,200
1745097220837,POST,36,201
1745097220874,GET,41,200
1745097220915,POST,39,201
1745097220997,POST,38,201
1745097221068,POST,41,201
1745097221110,GET,36,200
1745097221146,POST,39,201
1745097221185,GET,38,200
1745097221223,POST,38,201
1745097221262,GET,41,200
1745097221303,POST,39,201
1745097221375,POST,36,201
1745097221411,GET,41,200
1745097221453,POST,35,201
1745097221521,POST,45,201
1745097221566,GET,37,200
1745097221603,POST,48,201
1745097221651,GET,39,200
1745097221691,POST,37,201
1745097221766,POST,38,201
1745097221804,GET,39,200
1745097221843,POST,60,201
1745097221903,GET,54,200
1745097221957,POST,48,201
1745097222041,POST,39,201
1745097222116,POST,38,201
1745097222154,GET,43,200
1745097222198,POST,37,201
1745097222267,POST,38,201
1745097222336,POST,37,201
1745097222373,GET,38,200
1745097222412,POST,42,201
1745097222454,GET,47,200
1745097222502,POST,37,201
1745097222572,POST,38,201
1745097222610,GET,38,200
1745097222648,POST,39,201
1745097222718,POST,67,201
1745097222819,POST,38,201
1745097222890,POST,42,201
1745097222972,POST,40,201
1745097223044,POST,39,201
1745097223112,POST,44,201
1745097223156,GET,38,200
1745097223195,POST,35,201
1745097223263,POST,41,201
1745097223338,POST,37,201
1745097223409,POST,38,201
1745097223480,POST,37,201
1745097223548,POST,40,201
1745097223588,GET,60,200
1745097223650,POST,40,201
1745097223723,POST,44,201
1745097223767,GET,5480,200
1745097229248,POST,43,201
1745097229326,POST,37,201
1745097229397,POST,38,201
1745097229471,POST,38,201
1745097229552,POST,39,201
1745097229623,POST,39,201
1745097229696,POST,40,201
1745097229769,POST,38,201
1745097229840,POST,40,201
1745097229921,POST,44,201
1745097229965,GET,51,200
1745097230016,POST,47,201
1745097230107,POST,40,201
1745097230180,POST,47,201
1745097230265,POST,37,201
1745097230335,POST,41,201
1745097230409,POST,40,201
1745097230481,POST,39,201
1745097230550,POST,39,201
1745097230624,POST,39,201
1745097230696,POST,36,201
1745097230770,POST,43,201
1745097230846,POST,40,201
1745097230919,POST,39,201
1745097230989,POST,36,201
1745097231059,POST,40,201
1745097231134,POST,38,201
1745097231172,GET,49,200
1745097231221,POST,38,201
1745097231291,POST,44,201
1745097231372,POST,39,201
1745097231445,POST,39,201
1745097231517,POST,41,201
1745097231592,POST,36,201
1745097231662,POST,40,201
1745097231735,POST,37,201
1745097231772,GET,1369,200
1745097233142,POST,37,201
1745097233214,POST,40,201
1745097233255,GET,37,200
1745097233292,POST,36,201
1745097233361,POST,39,201
1745097233432,POST,38,201
1745097233500,POST,41,201
1745097233573,POST,36,201
1745097233644,POST,40,201
1745097233684,GET,41,200
1745097233725,POST,38,201
1745097233764,GET,38,200
1745097233802,POST,38,201
1745097233872,POST,39,201
1745097233911,GET,41,200
1745097233952,POST,55,201
1745097234042,POST,35,201
1745097234108,POST,37,201
1745097234177,POST,46,201
1745097234258,POST,36,201
1745097234325,POST,37,201
1745097234396,POST,35,201
1745097234431,GET,40,200
1745097234471,POST,38,201
1745097234539,POST,37,201
1745097234609,POST,36,201
1745097234682,POST,36,201
1745097234750,POST,36,201
1745097234820,POST,39,201
1745097234897,POST,58,201
1745097234998,POST,56,201
1745097235088,POST,38,201
1745097235157,POST,42,201
1745097235233,POST,42,201
1745097235310,POST,36,201
1745097235347,GET,37,200
1745097235384,POST,40,201
1745097235458,POST,39,201
1745097235497,GET,37,200
1745097235534,POST,70,201
1745097235639,POST,36,201
1745097235720,POST,42,201
1745097235797,POST,43,201
1745097235872,POST,42,201
1745097235946,POST,41,201
1745097236023,POST,39,201
1745097236095,POST,36,201
1745097236167,POST,38,201
1745097236238,POST,38,201
1745097236306,POST,38,201
1745097236376,POST,43,201
1745097236449,POST,161,201
1745097236643,POST,38,201
1745097236734,POST,38,201
1745097236804,POST,58,201
1745097236894,POST,37,201
1745097236967,POST,39,201
1745097237041,POST,35,201
1745097237111,POST,36,201
1745097237191,POST,40,201
1745097237276,POST,39,201
1745097237361,POST,35,201
1745097237428,POST,42,201
1745097237506,POST,38,201
1745097237575,POST,35,201
1745097237645,POST,38,201
1745097237716,POST,39,201
1745097237789,POST,34,201
1745097237855,POST,37,201
1745097237926,POST,38,201
1745097238002,POST,40,201
1745097238076,POST,40,201
1745097238148,POST,39,201
1745097238222,POST,39,201
1745097238292,POST,37,201
1745097238361,POST,38,201
1745097238432,POST,36,201
1745097238500,POST,38,201
1745097238571,POST,37,201
1745097238640,POST,39,201
1745097238721,POST,37,201
1745097238798,POST,41,201
1745097238871,POST,38,201
1745097238940,POST,36,201
1745097239007,POST,37,201
1745097239079,POST,41,201
1745097239158,POST,41,201
1745097239230,POST,57,201
1745097239321,POST,50,201
1745097239406,POST,37,201
1745097239472,POST,43,201
1745097239548,POST,43,201
1745097239628,POST,39,201
1745097239667,GET,39,200
1745097239706,POST,42,201
1745097239779,POST,38,201
1745097239817,GET,43,200
1745097239860,POST,46,201
1745097239906,GET,78,200
1745097239984,POST,44,201
1745097240061,POST,59,201
1745097240120,GET,41,200
1745097240162,POST,62,201
1745097240224,GET,56,200
1745097240280,POST,37,201
1745097240349,POST,37,201
1745097240386,GET,39,200
1745097240425,POST,40,201
1745097240504,POST,36,201
1745097240540,GET,37,200
1745097240577,POST,37,201
1745097240646,POST,38,201
1745097240684,GET,43,200
1745097240727,POST,54,201
1745097240781,GET,40,200
1745097240821,POST,41,201
1745097240862,GET,35,200
1745097240897,POST,56,201
1745097240953,GET,38,200
1745097240991,POST,37,201
1745097241058,POST,37,201
1745097241095,GET,37,200
1745097241132,POST,38,201
1745097241202,POST,39,201
1745097241275,POST,39,201
1745097241354,POST,41,201
1745097241426,POST,36,201
1745097241494,POST,39,201
1745097241564,POST,34,201
1745097241631,POST,42,201
1745097241703,POST,38,201
1745097241778,POST,66,201
1745097241877,POST,37,201
1745097241947,POST,46,201
1745097242039,POST,37,201
1745097242108,POST,38,201
1745097242181,POST,37,201
1745097242253,POST,36,201
1745097257517,POST,9836,201
1745097267353,GET,167,200
1745097267521,POST,40,201
1745097267601,POST,41,201
1745097267678,POST,39,201
1745097267773,POST,41,201
1745097267875,POST,40,201
1745097267956,POST,43,201
1745097268036,POST,39,201
1745097268112,POST,42,201
1745097268194,POST,47,201
1745097268278,POST,36,201
1745097268353,POST,40,201
1745097268444,POST,47,201
1745097268527,POST,43,201
1745097268611,POST,40,201
1745097268688,POST,41,201
1745097268770,POST,38,201
1745097268844,POST,60,201
1745097268938,POST,41,201
1745097269014,POST,37,201
1745097269093,POST,39,201
1745097269166,POST,41,201
1745097269245,POST,41,201
1745097269324,POST,41,201
1745097269402,POST,39,201
1745097269479,POST,37,201
1745097269554,POST,52,201
1745097269644,POST,40,201
1745097269720,POST,39,201
1745097269797,POST,43,201
1745097269878,POST,45,201
1745097270003,POST,49,201
1745097270093,POST,43,201
1745097270173,POST,39,201
1745097270259,POST,44,201
1745097270341,POST,35,201
1745097270414,POST,41,201
1745097270495,POST,44,201
1745097270572,POST,39,201
1745097270650,POST,37,201
1745097270723,POST,37,201
1745097270813,POST,41,201
1745097270890,POST,35,201
1745097270958,POST,40,201
1745097271030,POST,39,201
1745097271103,POST,44,201
1745097271183,POST,40,201
1745097271257,POST,37,201
1745097271331,POST,39,201
1745097271407,POST,53,201
1745097271497,POST,35,201
1745097271571,POST,41,201
1745097271645,POST,38,201
1745097271730,POST,39,201
1745097271805,POST,36,201
1745097271876,POST,40,201
1745097271952,POST,36,201
1745097272024,POST,41,201
1745097272104,POST,40,201
1745097272178,POST,38,201
1745097272256,POST,42,201
1745097272331,POST,41,201
1745097272410,POST,40,201
1745097272490,POST,40,201
1745097272591,POST,36,201
1745097272661,POST,41,201
1745097272736,POST,37,201
1745097272808,POST,36,201
1745097272878,POST,36,201
1745097272949,POST,75,201
1745097273057,POST,39,201
1745097273132,POST,43,201
1745097273210,POST,39,201
1745097273286,POST,43,201
1745097273387,POST,41,201
1745097273470,POST,36,201
1745097273541,POST,44,201
1745097273628,POST,37,201
1745097273719,POST,41,201
1745097273794,POST,41,201
1745097273871,POST,89,201
1745097273999,POST,41,201
1745097274074,POST,38,201
1745097274147,POST,37,201
1745097274219,POST,74,201
1745097274325,POST,45,201
1745097274406,POST,39,201
1745097274480,POST,40,201
1745097274559,POST,38,201
1745097274630,POST,39,201
1745097274702,POST,40,201
1745097274779,POST,37,201
1745097274854,POST,38,201
1745097274928,POST,42,201
1745097275007,POST,44,201
1745097275099,POST,46,201
1745097275191,POST,44,201
1745097275273,POST,42,201
1745097275349,POST,38,201
1745097275430,POST,38,201
1745097275504,POST,40,201
1745097275579,POST,37,201
1745097275652,POST,40,201
1745097275725,POST,41,201
1745097275798,POST,38,201
1745097275876,POST,38,201
1745097275949,POST,37,201
1745097276020,POST,40,201
1745097276098,POST,41,201
1745097276175,POST,35,201
1745097276246,POST,40,201
1745097276320,POST,42,201
1745097276394,POST,40,201
1745097276471,POST,40,201
1745097276559,POST,39,201
1745097276632,POST,42,201
1745097276712,POST,38,201
1745097276783,POST,39,201
1745097276856,POST,36,201
1745097276928,POST,38,201
1745097277006,POST,38,201
1745097277081,POST,37,201
1745097277151,POST,39,201
1745097277227,POST,35,201
1745097277295,POST,46,201
1745097277378,POST,38,201
1745097277452,POST,40,201
1745097277534,POST,46,201
1745097277631,POST,38,201
1745097277705,POST,42,201
1745097277779,POST,48,201
1745097277867,POST,43,201
1745097277941,POST,36,201
1745097278010,POST,38,201
1745097278082,POST,39,201
1745097278156,POST,38,201
1745097278244,POST,39,201
1745097278317,POST,47,201
1745097278401,POST,40,201
1745097278481,POST,36,201
1745097278548,POST,37,201
1745097278617,POST,39,201
1745097278692,POST,42,201
1745097278770,POST,42,201
1745097278847,POST,43,201
1745097278921,POST,41,201
1745097278994,POST,38,201
1745097279066,POST,37,201
1745097279135,POST,37,201
1745097279206,POST,41,201
1745097279279,POST,40,201
1745097279357,POST,55,201
1745097279446,POST,39,201
1745097279522,POST,45,201
1745097279604,POST,36,201
1745097279681,POST,44,201
1745097279773,POST,38,201
1745097279848,POST,44,201
1745097279938,POST,39,201
1745097280030,POST,52,201
1745097280082,GET,51,200
1745097280133,POST,108,201
1745097280241,GET,43,200
1745097280284,POST,42,201
1745097280370,POST,40,201
1745097280449,POST,40,201
1745097280523,POST,37,201
1745097280561,GET,48,200
1745097280609,POST,43,201
1745097280686,POST,39,201
1745097280725,GET,45,200
1745097280770,POST,47,201
1745097280817,GET,59,200
1745097280876,POST,39,201
1745097280955,POST,39,201
1745097281030,POST,37,201
1745097281067,GET,47,200
1745097281114,POST,44,201
1745097281158,GET,48,200
1745097281206,POST,43,201
1745097281249,GET,36,200
1745097281286,POST,38,201
1745097281360,POST,34,201
1745097281437,POST,35,201
1745097281473,GET,42,200
1745097281515,POST,37,201
1745097281552,GET,44,200
1745097281596,POST,40,201
1745097281636,GET,59,200
1745097281695,POST,43,201
1745097281739,GET,52,200
1745097281791,POST,38,201
1745097281829,GET,50,200
1745097281879,POST,40,201
1745097281919,GET,71,200
1745097281991,POST,47,201
1745097282038,GET,94,200
1745097282132,POST,37,201
1745097282169,GET,55,200
1745097282224,POST,39,201
1745097282263,GET,48,200
1745097282311,POST,36,201
1745097282379,POST,39,201
1745097282453,POST,38,201
1745097282491,GET,44,200
1745097282535,POST,37,201
1745097282603,POST,37,201
1745097282640,GET,50,200
1745097282690,POST,38,201
1745097282729,GET,44,200
1745097282773,POST,37,201
1745097282810,GET,46,200
1745097282858,POST,38,201
1745097282933,POST,37,201
1745097283006,POST,34,201
1745097283078,POST,36,201
1745097283157,POST,38,201
1745097283230,POST,40,201
1745097283305,POST,40,201
1745097283380,POST,41,201
1745097283481,POST,38,201
1745097283555,POST,38,201
1745097283633,POST,41,201
1745097283710,POST,37,201
1745097283792,POST,38,201
1745097298891,POST,10102,201
1745097309131,POST,40,201
1745097309259,POST,45,201
1745097309340,POST,59,201
1745097309451,POST,43,201
1745097309494,GET,94,200
1745097309588,POST,44,201
1745097309674,POST,49,201
