second,requests_completed
0,113
1,101
2,178
3,281
4,270
5,286
6,344
7,361
8,354
9,413
10,369
11,591
12,544
13,349
14,524
15,579
16,383
17,679
18,608
19,632
20,351
21,484
22,311
23,743
24,566
25,597
26,422
27,118
28,1
30,1
32,15
33,15
34,15
35,20
36,24
37,29
38,15
39,21
40,15
41,15
42,11
45,1
46,10
47,1
56,2
67,2
81,2
83,1
88,2
92,5
95,1
96,1
97,1
100,2
108,72
109,94
117,2
120,97
121,384
122,761
123,635
124,130
125,213
126,479
127,205
128,406
129,374
130,698
131,408
132,402
133,15
134,646
135,475
136,625
137,335
138,645
139,189
140,466
141,493
142,639
143,566
144,593
145,205
146,584
147,534
148,403
149,558
150,56
151,10
152,16
153,38
154,24
155,34
156,17
157,5
158,4
159,3
160,3
161,4
162,1
164,2
166,2
184,6
185,46
186,9
187,4
189,1
192,1
193,1
194,3
210,4
213,1
214,4
215,2
220,1
221,1
224,67
228,1
234,1
235,1
241,59
242,269
243,512
244,4
245,3
246,77
247,653
248,365
249,584
250,305
251,654
252,550
253,725
254,240
255,460
256,45
257,462
258,466
259,468
260,412
261,287
262,555
263,398
264,534
265,414
266,598
267,432
268,682
269,537
270,706
271,302
272,364
273,123
274,23
275,6
276,37
278,18
279,8
280,1
283,4
284,4
285,30
286,30
287,29
288,15
289,30
290,27
291,14
292,8
293,11
294,3
295,4
296,3
298,19
299,20
300,20
301,15
302,24
303,40
304,16
305,18
306,5
307,8
308,6
311,22
312,26
313,25
314,27
315,10
325,40
326,15
327,25
328,15
329,10
331,2
336,1
337,4
340,4
344,34
345,19
346,16
354,1
355,1
356,1
363,114
364,267
365,269
366,106
367,3
368,84
369,481
370,502
371,669
372,514
373,308
374,19
375,100
376,464
377,607
378,409
379,420
380,525
381,788
382,298
383,590
384,348
385,520
386,410
387,577
388,557
389,591
390,385
391,370
392,286
393,483
394,260
395,588
396,9
397,1
398,12
399,32
400,20
401,20
402,20
403,21
404,1
405,4
406,5
407,30
408,3
409,3
410,6
413,2
414,2
415,6
417,3
418,4
419,3
420,3
421,4
422,3
423,8
425,4
426,22
427,25
428,20
429,15
430,15
431,6
432,6
433,7
434,5
435,2
436,1
438,1
443,1
445,1
446,4
447,4
448,2
460,19
461,25
462,15
463,28
464,27
465,14
466,2
1741581868,166
1741581869,83
1741581866,173
484,38
1741581867,160
1741581864,155
486,100
1741581865,169
487,175
1741581862,164
488,320
1741581863,165
489,94
1741581860,169
490,799
1741581861,161
491,325
1741581858,167
492,356
1741581859,163
493,189
494,292
1741581857,105
495,214
496,334
497,165
498,284
499,212
500,485
501,540
502,609
503,457
504,522
505,322
506,415
507,401
508,624
509,557
510,668
511,314
512,534
513,475
514,560
515,512
516,748
517,643
518,108
519,16
520,4
521,4
522,5
523,4
533,1
535,3
536,20
537,35
538,20
539,31
540,20
541,4
546,4
547,3
548,4
549,3
550,3
555,35
556,17
573,6
574,2
577,2
578,1
579,14
580,18
581,4
582,4
583,2
584,3
585,1
593,1
596,8
606,20
607,20
608,121
609,185
611,95
612,508
613,403
614,175
615,571
616,459
617,274
618,230
619,564
620,407
621,485
622,230
623,463
624,240
625,489
626,381
627,387
628,89
629,386
630,144
631,278
632,317
633,612
634,288
635,702
636,673
637,583
638,343
639,599
640,435
641,593
642,328
644,12
645,27
646,40
647,16
648,25
649,17
650,16
651,11
652,7
655,1
656,2
657,7
658,5
659,8
660,3
661,1
662,1
663,1
664,3
667,1
668,2
669,1
671,1
672,20
673,15
674,16
675,32
676,5
677,1
699,2
700,3
702,6
703,2
705,14
706,20
707,26
708,20
709,6
716,1
726,3
727,3
728,2
732,51
733,107
734,613
735,540
736,423
737,424
738,618
739,75
740,653
741,509
742,660
743,472
744,185
745,191
746,89
747,17
748,104
749,452
750,111
751,484
752,634
753,346
754,729
755,677
756,279
757,225
758,362
759,246
760,274
761,246
762,291
763,229
764,360
765,603
766,479
767,526
768,368
769,29
770,12
771,2
772,2
773,62
774,15
775,21
776,6
777,4
778,18
779,1
784,4
788,1
791,3
792,3
793,4
794,3
795,3
796,4
798,1
799,9
800,12
801,1
802,6
803,19
806,9
807,31
815,9
816,20
817,5
819,3
821,5
822,7
823,2
824,20
825,22
826,19
827,25
828,24
829,33
830,15
831,20
832,20
833,15
834,15
835,20
836,20
837,20
838,15
839,16
840,20
841,20
842,20
843,25
844,41
845,20
846,16
854,100
855,142
856,76
857,809
858,477
859,408
860,395
861,375
862,471
863,376
864,490
865,318
866,103
867,561
868,281
869,24
870,424
871,103
872,344
873,373
874,678
875,397
876,101
877,203
878,326
879,308
880,409
881,368
882,465
883,341
884,643
885,366
886,423
887,99
888,455
889,249
890,179
891,387
892,289
893,25
894,3
895,6
896,2
897,2
898,5
899,2
905,4
907,6
909,1
910,4
911,1
919,2
920,1
923,7
924,1
926,8
927,9
928,16
929,42
930,25
931,11
932,32
933,20
934,52
935,21
936,12
937,66
938,25
939,35
944,6
945,4
946,4
947,3
948,5
949,6
950,3
951,3
952,4
953,3
954,40
955,23
956,44
957,43
958,14
959,14
960,4
961,3
962,4
963,5
964,8
965,5
966,2
968,2
970,2
971,3
973,4
977,2
979,88
980,565
981,528
982,359
983,390
984,523
985,810
986,431
987,441
988,127
989,623
990,399
991,501
992,100
993,386
994,326
995,421
996,8
998,61
999,668
1000,265
1001,694
1002,631
1003,503
1004,66
1005,20
1006,320
1007,541
1008,286
1009,621
1010,619
1011,442
1012,353
1013,1
1014,1
1015,15
1016,13
1017,66
1018,115
1019,30
1020,27
1021,10
1022,20
1023,20
1024,21
1025,21
1026,51
1027,20
1028,10
1029,16
1030,17
1031,35
1032,90
1033,16
1034,43
1035,15
1036,79
1038,5
1039,11
1040,3
1042,4
1047,11
1048,6
1049,39
1050,5
1051,7
1052,11
1053,12
1054,25
1055,17
1056,18
1057,30
1058,14
1059,61
1061,1
1062,2
1063,24
1074,7
1075,5
1076,20
1077,14
1078,3
1079,2
1080,2
1081,1
1083,1
1084,2
1086,1
1100,89
1101,153
1102,101
1103,431
1104,605
1105,396
1106,400
1107,350
1108,557
1109,604
1110,554
1111,365
1112,534
1113,624
1114,115
1115,517
1116,463
1117,338
1118,191
1119,57
1120,434
1121,388
1122,551
1123,67
1124,427
1125,21
1126,50
1127,431
1128,546
1129,454
1130,790
1131,422
1132,477
1133,301
1134,11
1135,2
1136,6
1137,16
1138,30
1139,12
1140,7
1141,6
1142,8
1143,19
1144,19
1145,17
1146,27
1147,14
1148,14
1149,23
1150,13
1151,26
1152,30
1153,50
1154,106
1155,19
1156,32
1158,1
1159,2
1161,4
1162,12
1163,14
1164,16
1165,6
1167,2
1169,14
1170,12
1171,8
1174,5
1175,4
1176,3
1177,3
1179,3
1184,6
1192,1
1198,1
1200,1
1202,1
1221,68
1222,153
1224,29
1225,386
1226,481
1227,391
1228,312
1229,553
1230,397
1231,648
1232,454
1233,446
1234,345
1235,544
1236,415
1237,755
1238,339
1239,521
1240,266
1241,519
1242,433
1243,595
1244,3
1245,3
1246,4
1247,41
1248,369
1249,252
1250,317
1251,470
1252,325
1253,360
1254,228
1255,323
1256,226
1257,255
1258,193
1259,174
1260,59
1261,81
1262,45
1263,34
1264,29
1265,19
1266,10
